CS,SE
CH200,CH200
GS1001,GS1001
MA136,MA136
CS1011,CS1011
GS1002,GS1002
MA137,MA137
PH2011,PH2011
CS1021,CS1021
CS2852,CS2852
GS1003,GS1003
MA2314,MA2314
SCIEL,PH2021
CS2911,CS2911
MA2310,MA2310
SE2030,SE2030
MA2323,MASCIEL
BA2220,BUSEL
CS2300,CS2711
CS2711,SE2811
SE2840,SE2840
MA3320,SCIEL
CS2040,MA262
CS2400,BA3444
SE2800,CS2040
MA383,SE2800
BA3444,SE2832
CS3040,CS3860
CS3860,OR402
MA262,SE3010
HUSS,SE3800
FREE,SE3821
CS3400,CS3840
CS3840,MA3320
SE2811,SE3020
HU4321,SE3810
OR402,HUSS
CS3310,CS3851
CS3300,HU432
CS3851,MA383
HUSS,SE3030
CS4000,FREE
CS3450,SE3910
TECHEL,SE4000
TECHEL,TECHEL
HUSS,MASCIEL
CS4010,HUSS
TECHEL,IE423
TECHEL,SE4010
MASCIEL,TECHEL
HUSS,MASCIEL
CS4020,HUSS
TECHEL,SE4020
MASCIEL,TECHEL
HUSS,HUSS
FREE,HUSS
,FREE
